,Real,Prediccion,Acierto
14361,4,2,False
12761,4,4,True
10031,4,2,False
7798,1,1,True
6239,4,1,False
1103,3,3,True
397,3,3,True
8711,4,1,False
9476,1,3,False
9933,4,2,False
10807,1,1,True
577,4,4,True
561,3,2,False
4773,1,1,True
9197,1,4,False
5155,2,4,False
6639,2,2,True
3600,3,3,True
5894,1,2,False
2919,1,4,False
12086,3,1,False
13320,1,4,False
9535,2,2,True
7298,4,4,True
8402,0,2,False
5369,2,4,False
5566,2,2,True
7448,3,1,False
14949,4,4,True
13900,3,2,False
2261,1,1,True
1377,2,4,False
9126,2,3,False
2994,2,4,False
6944,3,4,False
1035,2,4,False
7821,1,2,False
4145,4,4,True
4612,4,3,False
9761,3,3,True
3714,2,1,False
10284,2,1,False
12754,3,2,False
5882,2,4,False
2087,3,3,True
7622,1,2,False
8910,4,4,True
3439,3,4,False
14724,2,2,True
7297,2,2,True
4842,2,2,True
5602,3,4,False
12847,2,1,False
11525,4,4,True
8991,1,1,True
11034,4,2,False
7279,4,4,True
12004,1,4,False
4027,2,3,False
10722,4,2,False
14808,1,2,False
11211,4,2,False
10752,4,4,True
11333,4,4,True
8380,4,4,True
2670,0,4,False
4231,1,4,False
2572,2,3,False
7243,4,4,True
8078,4,4,True
9794,1,2,False
12299,1,2,False
4211,2,1,False
10141,4,4,True
8225,2,2,True
1468,3,2,False
11018,1,1,True
12336,1,1,True
4399,4,4,True
5214,2,2,True
8862,0,4,False
6616,3,1,False
14076,2,4,False
6353,2,2,True
14401,4,4,True
9769,3,1,False
8406,1,2,False
33,3,2,False
13094,2,1,False
7894,2,2,True
11236,4,4,True
7251,1,1,True
3522,1,1,True
2702,3,4,False
5385,2,4,False
1983,4,4,True
9606,4,4,True
920,2,2,True
2176,4,4,True
2500,2,1,False
14415,3,4,False
5168,3,1,False
10198,3,2,False
11066,3,1,False
13115,3,3,True
14472,1,1,True
7907,4,4,True
13979,2,3,False
9531,2,1,False
5069,4,4,True
6031,1,2,False
11342,2,3,False
3265,3,4,False
13806,3,4,False
2560,2,2,True
1640,4,2,False
3488,1,1,True
4855,2,4,False
13585,2,2,True
4683,2,4,False
8512,2,1,False
6628,0,2,False
643,4,4,True
154,4,2,False
14343,4,2,False
12471,2,3,False
3471,4,4,True
1379,1,2,False
4135,3,2,False
5697,1,2,False
7761,2,2,True
7107,1,2,False
10085,3,2,False
7422,1,3,False
6891,1,2,False
2397,4,3,False
14944,2,2,True
8881,2,4,False
927,2,4,False
8612,4,2,False
654,3,2,False
3567,4,4,True
4139,3,4,False
11857,3,4,False
14190,4,4,True
6880,2,4,False
14346,4,4,True
5082,2,4,False
2031,3,4,False
10562,3,3,True
4296,1,4,False
3350,3,4,False
14204,1,1,True
2162,4,4,True
4445,4,3,False
3159,2,2,True
12102,1,2,False
7105,2,2,True
5565,2,3,False
10780,2,2,True
10261,4,4,True
8486,1,2,False
11495,4,4,True
5356,1,2,False
3831,2,2,True
12694,3,2,False
7186,4,1,False
14348,4,4,True
13565,1,1,True
9704,2,2,True
2687,4,4,True
13354,1,1,True
5820,2,1,False
6244,4,4,True
2763,4,2,False
12409,2,2,True
9669,1,2,False
2759,2,3,False
6079,4,4,True
5093,2,4,False
4631,2,4,False
12220,2,3,False
11210,4,4,True
4435,4,4,True
7890,2,2,True
13835,3,4,False
1978,4,4,True
11184,2,2,True
1597,2,1,False
4011,2,4,False
14592,2,2,True
9585,4,2,False
14395,2,4,False
11719,4,2,False
3598,4,3,False
14658,2,1,False
7986,3,2,False
2327,3,4,False
14820,1,4,False
3018,2,4,False
9353,3,2,False
5793,3,4,False
4927,1,1,True
11769,3,2,False
9843,4,4,True
7827,4,4,True
6828,1,2,False
3388,3,2,False
4255,4,2,False
8632,1,4,False
3002,2,1,False
8659,4,4,True
10329,1,4,False
641,1,2,False
10523,3,3,True
6423,0,4,False
13678,2,2,True
13475,4,4,True
4637,1,1,True
8793,4,4,True
9891,4,4,True
5243,1,4,False
214,1,1,True
3147,1,2,False
8037,1,1,True
675,3,2,False
11269,1,2,False
7504,3,4,False
8727,1,2,False
8465,3,4,False
4323,2,4,False
8386,4,4,True
7048,4,3,False
1217,4,3,False
7811,3,3,True
8626,1,2,False
3245,1,2,False
5068,4,4,True
9431,4,4,True
7497,1,1,True
6113,3,4,False
519,1,2,False
7231,1,2,False
5825,4,3,False
7637,1,1,True
1250,4,4,True
12352,3,4,False
12144,4,4,True
9602,4,4,True
2365,2,2,True
6202,3,4,False
1113,4,1,False
11023,4,4,True
6474,3,2,False
9418,4,4,True
1476,4,2,False
1136,2,2,True
1894,1,2,False
11547,2,4,False
2525,3,1,False
340,3,2,False
6398,1,1,True
9196,2,2,True
9045,2,2,True
7022,3,1,False
14073,1,1,True
3725,4,4,True
6581,0,1,False
12735,3,3,True
13961,3,2,False
14824,2,4,False
4431,3,4,False
2946,4,3,False
6349,2,3,False
6952,3,4,False
2730,4,4,True
5499,1,4,False
14774,2,3,False
4064,3,3,True
14054,2,4,False
4240,1,4,False
1761,2,2,True
6192,3,2,False
4030,2,2,True
6290,3,2,False
6533,2,1,False
7746,4,4,True
5573,3,1,False
2749,2,2,True
9528,3,4,False
8377,2,4,False
12593,2,2,True
10331,4,4,True
2791,2,2,True
6409,3,2,False
220,1,4,False
2459,3,2,False
9814,4,4,True
6632,2,4,False
8416,3,3,True
4002,2,2,True
6948,1,1,True
6366,4,4,True
14284,4,4,True
8825,2,2,True
10945,1,2,False
9287,1,1,True
3884,4,4,True
4635,1,1,True
575,3,1,False
7745,3,4,False
13068,1,1,True
4142,3,2,False
2454,1,2,False
14257,2,2,True
11987,4,4,True
12446,4,4,True
14532,1,2,False
8685,1,1,True
13888,2,2,True
13607,3,4,False
8328,2,4,False
13453,1,2,False
5172,4,1,False
6908,2,2,True
1399,1,2,False
14838,1,4,False
5111,1,1,True
8457,3,4,False
12298,1,2,False
5642,2,4,False
8704,2,2,True
2799,4,3,False
11492,4,2,False
1480,2,1,False
10628,2,4,False
7535,4,4,True
10968,4,4,True
3025,2,1,False
10286,4,1,False
142,2,2,True
10880,4,2,False
10848,2,3,False
14318,1,4,False
10921,2,2,True
13330,2,2,True
13525,3,4,False
6298,3,3,True
10267,2,1,False
1087,4,4,True
13978,2,2,True
7076,1,2,False
4741,2,4,False
10328,2,2,True
6823,2,2,True
5897,3,4,False
4330,4,4,True
3824,3,2,False
521,1,2,False
11871,4,4,True
14786,1,2,False
8820,1,4,False
4220,2,1,False
3932,3,2,False
167,3,2,False
5852,3,3,True
2630,2,4,False
14862,2,1,False
843,2,2,True
2873,3,3,True
486,4,4,True
489,4,4,True
2729,4,4,True
6197,1,1,True
7732,2,3,False
7030,2,4,False
3336,4,2,False
9229,1,1,True
1554,3,4,False
4595,3,2,False
9526,3,3,True
7227,4,4,True
3771,4,4,True
787,1,2,False
5316,4,4,True
1541,2,4,False
13757,1,4,False
8815,2,2,True
14408,1,2,False
6690,2,4,False
452,1,4,False
8017,4,1,False
11691,3,1,False
467,4,3,False
18,2,2,True
9140,1,4,False
13029,3,2,False
8662,2,4,False
7003,4,2,False
8996,3,4,False
3048,1,4,False
1751,4,4,True
6294,2,4,False
11586,3,3,True
12246,3,4,False
5891,2,3,False
5702,3,2,False
5777,1,2,False
14424,1,2,False
45,4,3,False
14643,4,4,True
13107,4,4,True
431,3,4,False
11775,2,1,False
6042,1,1,True
12265,3,2,False
7402,2,2,True
9608,1,2,False
9759,1,1,True
2128,4,3,False
5682,2,2,True
11125,4,4,True
1231,2,4,False
2767,1,1,True
3359,2,2,True
8691,3,2,False
8840,1,4,False
6204,3,3,True
2006,4,2,False
11935,3,2,False
9078,4,4,True
4645,2,4,False
808,3,4,False
14497,4,2,False
13871,1,3,False
13158,2,3,False
3683,2,2,True
14647,4,3,False
6710,2,2,True
9875,0,4,False
13844,4,4,True
2831,3,4,False
14839,4,4,True
5076,3,3,True
10767,3,2,False
11610,3,3,True
3023,3,2,False
3256,2,2,True
8551,2,1,False
5164,2,2,True
3990,1,1,True
1269,2,4,False
12896,4,4,True
12911,1,3,False
10219,2,3,False
12415,2,4,False
4293,2,2,True
8724,1,1,True
14543,4,4,True
278,1,1,True
1969,2,4,False
1271,1,3,False
13550,2,2,True
272,1,3,False
10870,1,1,True
8213,2,4,False
7131,1,2,False
12047,2,1,False
5047,3,3,True
950,2,4,False
5840,2,2,True
399,1,3,False
5804,2,3,False
11145,4,4,True
6549,1,4,False
12026,4,1,False
3814,2,2,True
31,1,1,True
8455,2,4,False
3266,2,2,True
3586,4,4,True
7559,3,2,False
4700,1,2,False
8581,4,4,True
5845,3,3,True
3038,2,4,False
1457,2,3,False
10689,4,4,True
8196,3,3,True
10723,2,2,True
9319,1,2,False
3144,3,3,True
3294,4,4,True
2192,2,4,False
2337,1,3,False
2641,3,2,False
1524,1,1,True
2625,2,2,True
12266,4,4,True
13206,3,4,False
10361,2,2,True
11304,1,4,False
2573,3,4,False
2578,2,2,True
5873,2,1,False
1018,4,4,True
11832,3,2,False
712,3,2,False
13639,4,4,True
325,3,3,True
3368,4,1,False
10774,3,2,False
4202,3,3,True
3755,3,3,True
5488,2,1,False
9212,4,4,True
8011,4,4,True
9908,2,3,False
10946,3,3,True
9404,4,4,True
9342,3,2,False
9552,1,4,False
776,3,2,False
791,4,4,True
12800,3,2,False
7868,1,1,True
8298,2,4,False
12270,2,2,True
6358,3,4,False
7165,4,4,True
13811,2,2,True
10769,4,4,True
13261,1,1,True
14188,4,4,True
12668,4,3,False
4035,3,2,False
10611,2,2,True
14913,1,4,False
4915,2,4,False
6158,3,2,False
5461,2,1,False
5071,3,1,False
10778,1,2,False
8113,3,4,False
1069,4,1,False
10363,4,4,True
9138,3,4,False
11119,4,4,True
14185,3,2,False
13244,2,2,True
4891,3,4,False
14458,3,3,True
11798,3,3,True
12938,2,3,False
12474,2,2,True
6441,2,2,True
3803,1,2,False
10535,2,2,True
2515,1,2,False
7818,1,4,False
8337,2,1,False
12070,4,2,False
10818,0,0,True
3126,3,1,False
4721,2,4,False
121,2,1,False
4706,3,4,False
8510,4,2,False
1352,2,4,False
10120,3,4,False
1687,1,1,True
9641,4,4,True
9767,4,2,False
9646,3,4,False
13578,2,4,False
5607,1,3,False
2907,2,4,False
3125,4,3,False
3442,1,4,False
12053,2,4,False
7972,2,1,False
11937,1,1,True
6322,3,2,False
13178,1,2,False
1789,2,4,False
12054,1,4,False
13814,4,4,True
2617,2,3,False
13906,1,2,False
6291,4,4,True
1274,1,1,True
13038,3,2,False
9862,4,4,True
13761,1,2,False
1425,1,2,False
5814,1,2,False
488,1,1,True
13356,2,4,False
10939,1,1,True
4503,1,4,False
7167,2,2,True
11779,2,2,True
10404,3,2,False
11473,2,1,False
1845,4,2,False
13831,1,2,False
1373,1,3,False
221,1,1,True
10736,1,1,True
9273,2,2,True
7291,3,2,False
8710,1,1,True
14518,4,4,True
1392,4,4,True
1764,3,2,False
12493,1,1,True
7880,4,4,True
8348,4,1,False
1586,3,3,True
94,4,4,True
1870,3,4,False
11275,4,2,False
7840,2,4,False
7556,4,4,True
4290,3,3,True
1775,4,4,True
5847,0,2,False
5741,3,4,False
2509,4,4,True
14326,4,4,True
6674,3,1,False
11479,3,2,False
2402,1,1,True
5587,4,4,True
3585,4,4,True
1861,4,1,False
620,3,3,True
2980,2,2,True
9074,4,2,False
13787,1,4,False
578,4,4,True
12512,4,4,True
7037,1,2,False
14640,1,4,False
13045,2,2,True
12796,4,4,True
13865,1,4,False
4025,0,4,False
14523,3,2,False
845,3,1,False
8350,1,2,False
12640,3,1,False
2090,4,4,True
9880,1,2,False
11235,4,2,False
9815,1,1,True
6914,4,4,True
719,4,4,True
4230,1,2,False
14110,4,4,True
3882,4,4,True
7491,2,1,False
8494,3,2,False
2141,2,2,True
5480,3,4,False
4813,1,3,False
1471,2,2,True
7019,4,4,True
13156,1,1,True
4752,1,3,False
13637,3,3,True
6307,3,3,True
424,3,2,False
13139,2,1,False
9259,1,4,False
1581,1,4,False
10539,4,4,True
12943,1,2,False
7722,2,1,False
10950,1,1,True
4188,2,3,False
4563,2,3,False
466,3,4,False
5667,4,2,False
5187,2,2,True
6111,2,1,False
4288,4,2,False
13397,3,4,False
6807,4,2,False
7989,4,4,True
1129,1,1,True
12803,2,2,True
11661,3,3,True
11427,2,3,False
13269,4,4,True
14501,3,4,False
6747,4,2,False
4345,3,4,False
7112,3,3,True
7069,4,2,False
6371,4,2,False
10813,4,2,False
1495,2,1,False
6012,3,4,False
3782,4,4,True
9721,2,2,True
14064,1,1,True
12666,4,4,True
10476,3,4,False
8066,4,1,False
7569,3,2,False
10897,1,2,False
5165,2,2,True
2241,2,1,False
14163,4,4,True
6609,2,1,False
6617,4,4,True
5988,3,4,False
12608,3,4,False
13788,3,1,False
5578,4,4,True
5808,3,3,True
12935,4,4,True
12440,4,2,False
10425,3,4,False
5849,4,4,True
8816,4,4,True
12549,2,3,False
2676,3,3,True
5183,2,4,False
8040,2,4,False
11404,2,1,False
5750,3,3,True
10785,4,3,False
5975,4,2,False
335,3,3,True
5530,2,1,False
952,1,4,False
14388,4,4,True
1651,4,4,True
8690,3,2,False
663,3,4,False
10295,4,2,False
8834,0,2,False
6798,0,4,False
9653,2,2,True
230,3,3,True
10133,4,4,True
11237,4,4,True
5143,1,1,True
14118,2,4,False
14014,1,1,True
9863,4,2,False
4691,3,2,False
11812,1,1,True
10900,4,4,True
7196,3,2,False
9390,1,1,True
12185,2,2,True
9902,3,3,True
888,4,4,True
8782,2,3,False
10589,2,1,False
7815,4,4,True
159,2,1,False
9760,4,1,False
9442,3,4,False
312,4,4,True
7031,4,2,False
2395,4,4,True
12539,4,4,True
775,2,4,False
2849,2,4,False
5653,1,1,True
4500,4,3,False
12085,4,4,True
11021,2,4,False
2777,1,1,True
8655,1,2,False
5893,2,4,False
5948,1,2,False
7043,4,4,True
4872,2,2,True
9696,2,1,False
13532,2,2,True
3476,2,4,False
10380,4,4,True
13927,2,3,False
9855,1,4,False
1667,1,2,False
11999,2,3,False
8561,3,4,False
7686,4,4,True
10932,1,1,True
3081,2,3,False
14667,2,2,True
11355,4,2,False
4608,4,4,True
6028,3,1,False
11776,1,4,False
12037,4,4,True
6901,1,2,False
9427,2,2,True
10045,2,3,False
3807,4,3,False
320,4,2,False
7974,2,4,False
7536,3,4,False
605,4,2,False
12686,2,1,False
321,3,1,False
7737,4,3,False
10012,2,3,False
2247,4,1,False
1826,1,1,True
8198,3,2,False
13249,3,2,False
6476,2,1,False
3546,2,2,True
4041,1,2,False
10339,1,1,True
12820,0,4,False
874,3,2,False
1856,2,2,True
11850,3,2,False
7449,4,4,True
9725,4,1,False
12060,3,1,False
3749,4,4,True
13886,1,2,False
3638,3,2,False
174,3,4,False
4311,2,4,False
12983,1,2,False
11296,3,1,False
2746,4,2,False
2466,1,2,False
10905,2,2,True
11603,1,1,True
6481,3,2,False
8234,4,4,True
6700,1,4,False
13627,2,2,True
10711,1,2,False
10883,2,4,False
9816,1,4,False
7804,3,4,False
2860,2,2,True
10713,1,1,True
14597,1,3,False
7886,4,4,True
12591,2,2,True
134,4,2,False
8262,3,2,False
9571,1,2,False
13855,1,1,True
12166,1,2,False
2999,4,4,True
10655,2,3,False
12139,0,2,False
4446,4,4,True
4972,2,2,True
1462,4,4,True
11526,4,4,True
393,4,4,True
13070,1,1,True
8520,4,4,True
9165,2,4,False
11801,2,3,False
13234,2,3,False
8683,3,4,False
13412,4,4,True
763,2,2,True
7329,4,2,False
9656,3,1,False
11428,4,2,False
3775,4,4,True
3075,2,4,False
13039,3,3,True
13487,2,4,False
12762,4,4,True
4840,4,4,True
1187,1,2,False
13176,2,2,True
628,4,3,False
3494,1,4,False
1180,1,2,False
10294,3,4,False
1948,2,2,True
12879,4,4,True
2619,3,3,True
10953,4,4,True
14161,3,4,False
201,1,1,True
12788,1,3,False
11252,3,4,False
5090,0,0,True
5536,1,2,False
828,2,4,False
1846,0,1,False
10796,4,1,False
7182,2,3,False
2200,4,4,True
12156,3,3,True
4024,4,4,True
5906,2,1,False
2519,3,3,True
3914,4,4,True
14630,2,2,True
5275,1,2,False
12252,3,1,False
3536,2,2,True
44,4,4,True
12,2,2,True
12977,3,3,True
6608,2,1,False
7301,2,2,True
9665,2,4,False
7247,4,4,True
8151,0,2,False
2076,1,2,False
3284,2,1,False
7310,4,4,True
5942,4,4,True
8703,1,3,False
14512,1,1,True
11419,1,1,True
9055,4,1,False
503,2,4,False
1595,1,2,False
9376,2,4,False
499,3,4,False
3520,2,2,True
2883,3,3,True
12545,1,4,False
1358,2,2,True
3176,2,2,True
11664,2,1,False
5034,3,4,False
4627,1,2,False
8244,3,4,False
852,0,4,False
459,1,2,False
14872,1,3,False
13997,4,4,True
9440,4,3,False
14446,2,2,True
7324,3,4,False
14237,1,2,False
4197,0,1,False
9035,3,2,False
8531,2,1,False
6105,2,1,False
1096,4,3,False
196,2,4,False
9836,4,4,True
3629,2,1,False
13797,3,2,False
12284,1,2,False
10657,4,4,True
13542,4,4,True
5329,3,4,False
406,4,2,False
9941,4,4,True
5547,1,4,False
14451,2,1,False
8057,3,1,False
14875,3,2,False
11158,0,4,False
13519,1,1,True
308,1,4,False
13510,1,2,False
8713,3,4,False
13205,3,2,False
5271,4,4,True
4382,1,3,False
4816,3,3,True
14124,3,2,False
10493,3,2,False
7476,4,4,True
10290,1,2,False
4554,2,2,True
4414,2,2,True
14379,3,4,False
2976,2,1,False
6166,4,2,False
4726,4,4,True
3535,3,3,True
7378,2,1,False
8664,1,2,False
13136,2,2,True
6327,4,4,True
11307,1,3,False
6757,2,2,True
10418,3,4,False
5721,3,4,False
974,4,4,True
11892,4,1,False
1933,4,1,False
6856,3,3,True
280,2,1,False
11861,2,3,False
6647,2,3,False
1988,4,2,False
10812,2,1,False
7171,2,1,False
1520,2,2,True
9980,1,2,False
5857,2,2,True
1001,4,4,True
10260,2,4,False
4651,2,3,False
7690,4,2,False
13457,2,2,True
7654,3,2,False
12193,1,4,False
3078,2,2,True
10040,2,1,False
9629,4,4,True
8631,3,1,False
14583,1,4,False
7538,4,2,False
12760,4,2,False
48,3,2,False
14151,4,4,True
9971,4,4,True
7277,3,2,False
1748,2,3,False
313,2,2,True
8134,4,4,True
10397,3,4,False
6953,3,3,True
2364,2,2,True
88,3,3,True
1875,3,4,False
14918,1,1,True
5055,2,2,True
2119,2,4,False
12366,3,1,False
9492,2,2,True
12417,4,4,True
6629,1,2,False
8289,3,2,False
3099,4,4,True
10395,4,4,True
4036,4,4,True
4519,4,4,True
6492,1,2,False
11324,2,2,True
13006,3,4,False
1078,1,1,True
6677,0,2,False
10458,2,3,False
5365,0,1,False
14354,1,2,False
10644,4,4,True
4402,4,4,True
14687,2,2,True
1124,4,4,True
14683,1,4,False
13849,3,3,True
3213,3,1,False
7058,3,1,False
1172,4,4,True
1603,4,4,True
2444,2,3,False
12000,2,2,True
7357,1,1,True
8965,2,2,True
14580,2,4,False
3719,4,4,True
1645,2,1,False
2658,2,2,True
11839,1,1,True
5464,2,1,False
3311,4,4,True
4439,4,2,False
7471,1,4,False
6215,1,1,True
13239,1,1,True
206,4,2,False
12917,4,4,True
1021,4,4,True
6503,2,1,False
11039,2,2,True
8202,1,1,True
7284,4,4,True
4874,3,4,False
9023,4,4,True
4948,1,1,True
2553,1,2,False
8645,4,4,True
14337,1,4,False
9751,3,3,True
8277,4,4,True
3660,4,4,True
2606,1,1,True
4624,2,2,True
11848,4,4,True
7860,4,2,False
6888,2,1,False
11020,4,4,True
12776,2,4,False
7896,3,2,False
14531,2,3,False
2359,2,1,False
13514,2,1,False
13710,2,3,False
4742,4,4,True
14585,3,2,False
4384,3,2,False
1743,1,2,False
10444,2,4,False
13638,1,4,False
10902,1,4,False
14772,0,1,False
3088,2,2,True
6886,4,4,True
1460,3,2,False
14038,1,1,True
9551,2,2,True
9193,2,2,True
2535,1,1,True
2049,1,3,False
1783,3,2,False
7552,2,2,True
13722,2,4,False
1191,2,3,False
10108,3,2,False
12136,3,1,False
449,1,3,False
6954,3,2,False
5386,1,3,False
13766,3,4,False
14148,4,3,False
12042,1,1,True
3481,2,4,False
11153,2,1,False
12092,1,3,False
10455,2,2,True
4630,2,4,False
8998,1,1,True
11680,3,3,True
1391,2,2,True
5740,4,3,False
6022,2,2,True
13223,4,4,True
1982,2,1,False
6439,3,3,True
6368,2,2,True
7819,1,2,False
8611,3,4,False
11478,0,1,False
13770,4,4,True
7948,3,2,False
13472,4,4,True
2351,2,2,True
7850,4,2,False
1094,3,3,True
10791,1,1,True
9362,2,4,False
12690,4,4,True
1091,4,4,True
11969,3,2,False
3017,4,2,False
3641,2,2,True
8206,4,4,True
5470,2,2,True
3673,2,3,False
5590,2,2,True
6288,3,4,False
1785,4,4,True
11562,1,1,True
3496,2,3,False
1794,4,4,True
6847,4,4,True
14362,4,4,True
1818,3,3,True
2712,1,1,True
9977,3,2,False
11504,2,2,True
1334,4,4,True
2528,3,3,True
12034,4,4,True
2841,2,2,True
12810,2,2,True
9811,3,2,False
14475,0,4,False
2004,3,4,False
12145,4,4,True
5879,4,3,False
2291,3,1,False
5107,4,1,False
4808,4,4,True
146,2,4,False
3595,1,3,False
9848,2,4,False
12061,2,1,False
12645,4,2,False
5827,3,4,False
1727,4,2,False
4123,2,2,True
6715,1,3,False
8852,1,1,True
2503,1,1,True
6871,3,4,False
5858,3,2,False
2228,1,3,False
12282,4,2,False
5178,2,4,False
10016,1,2,False
2030,4,4,True
11087,3,4,False
11820,1,4,False
3480,2,2,True
5634,1,4,False
5193,1,4,False
5831,4,4,True
4802,3,4,False
8675,3,4,False
3864,1,1,True
5044,4,1,False
3260,2,4,False
1670,4,2,False
8874,4,4,True
4534,2,4,False
639,4,4,True
5633,1,2,False
9860,4,4,True
949,2,4,False
4425,2,2,True
11891,4,4,True
10420,4,1,False
4567,4,4,True
12744,2,2,True
4750,3,1,False
5228,4,1,False
5622,4,4,True
12228,0,3,False
2002,4,4,True
1145,1,2,False
8062,1,1,True
11793,1,4,False
11358,4,4,True
6316,2,4,False
1543,1,1,True
2465,2,4,False
14992,3,2,False
2643,1,1,True
14055,2,1,False
4823,2,2,True
1150,3,2,False
12822,4,4,True
13856,2,1,False
7873,4,4,True
1583,1,2,False
12604,3,4,False
13451,1,2,False
12422,4,4,True
4546,4,4,True
9605,4,4,True
3675,3,4,False
11263,3,3,True
7530,2,2,True
3132,1,2,False
169,2,1,False
6972,2,3,False
725,1,1,True
7657,1,2,False
9772,3,3,True
6220,4,4,True
7143,4,4,True
14387,4,3,False
8221,1,1,True
14813,4,4,True
2393,3,4,False
12957,2,4,False
556,4,4,True
371,4,4,True
4134,3,2,False
1283,1,2,False
7004,2,4,False
6974,1,4,False
8242,1,1,True
8364,2,2,True
2861,3,4,False
7921,4,3,False
7394,1,2,False
14739,2,3,False
2819,4,1,False
11136,2,1,False
7161,1,1,True
3487,4,4,True
3380,2,1,False
12531,3,2,False
11947,1,1,True
13423,3,4,False
6850,4,4,True
768,3,4,False
11796,0,1,False
2476,2,2,True
9141,4,4,True
12080,3,4,False
8868,2,3,False
11898,2,2,True
1418,4,4,True
9087,1,2,False
13768,2,2,True
1523,1,1,True
13420,4,4,True
11300,1,1,True
6295,1,2,False
4346,4,3,False
11035,3,2,False
5438,4,3,False
13121,2,1,False
12661,2,2,True
11682,3,4,False
8081,1,2,False
13840,2,1,False
7876,2,1,False
3010,3,3,True
8172,4,1,False
10018,4,4,True
3267,3,4,False
14600,4,4,True
10228,1,2,False
8650,2,1,False
1569,2,2,True
6622,2,2,True
5094,3,4,False
6005,2,1,False
1915,2,1,False
4942,2,1,False
12159,3,2,False
6098,1,1,True
13441,1,2,False
14106,3,1,False
6217,4,4,True
5398,2,3,False
10538,1,2,False
3909,2,3,False
9081,4,4,True
4109,2,2,True
5992,4,4,True
12807,2,3,False
541,2,1,False
6740,4,1,False
10127,2,4,False
992,1,4,False
9372,3,1,False
13589,2,2,True
598,2,2,True
4901,2,2,True
2267,2,3,False
8929,4,1,False
665,1,4,False
379,4,4,True
3839,3,2,False
10462,0,1,False
1261,2,4,False
2092,0,1,False
14058,4,4,True
7606,1,1,True
11008,2,1,False
7070,4,4,True
4981,1,1,True
12809,1,2,False
9957,3,2,False
6655,4,2,False
9498,1,2,False
187,3,3,True
651,2,4,False
10282,4,2,False
1844,4,2,False
14747,1,4,False
14315,1,1,True
14697,2,4,False
12600,4,4,True
11594,2,2,True
5991,1,3,False
3671,4,4,True
11602,4,4,True
5788,4,4,True
14278,1,1,True
181,4,4,True
14275,4,2,False
8399,1,1,True
6338,2,3,False
3730,4,4,True
2984,4,4,True
5206,3,4,False
9512,1,1,True
8682,4,4,True
8992,3,4,False
12251,1,1,True
6803,1,1,True
1267,1,2,False
8909,4,2,False
10766,1,1,True
1233,4,4,True
7519,1,2,False
4655,4,4,True
4957,4,4,True
13345,1,4,False
11134,1,2,False
14520,2,2,True
7453,1,2,False
10006,1,4,False
5124,1,1,True
4244,4,4,True
3146,3,3,True
2288,1,1,True
7759,2,4,False
2445,4,4,True
14588,3,4,False
9494,2,4,False
7088,3,4,False
5285,2,1,False
14263,3,2,False
1741,4,4,True
7477,4,2,False
10299,1,1,True
11360,2,4,False
2143,3,4,False
11824,2,1,False
10208,4,4,True
10598,2,2,True
11001,3,4,False
9952,3,4,False
5426,4,4,True
10899,1,1,True
5095,0,2,False
13717,1,4,False
12980,1,1,True
9858,0,1,False
509,2,3,False
1943,3,3,True
2696,3,3,True
6434,4,4,True
14177,3,2,False
476,4,4,True
6268,2,4,False
7822,3,2,False
12051,2,3,False
1002,2,2,True
3269,2,2,True
5755,1,4,False
10409,2,2,True
13427,2,3,False
11135,1,4,False
1817,1,1,True
7305,2,4,False
14803,3,3,True
11955,4,3,False
3369,3,2,False
122,2,2,True
7337,2,1,False
5773,2,4,False
457,4,4,True
7969,3,3,True
304,4,4,True
11467,4,4,True
1927,4,4,True
2916,4,3,False
6685,4,4,True
3880,1,2,False
3197,1,2,False
6931,3,1,False
4937,3,2,False
12986,4,2,False
823,2,2,True
6377,2,2,True
8601,4,4,True
3873,1,4,False
9049,1,4,False
634,2,2,True
1669,3,2,False
12672,4,4,True
733,1,1,True
265,4,4,True
12386,3,2,False
5389,1,1,True
1553,4,4,True
491,4,4,True
13157,1,4,False
1363,3,2,False
7314,3,3,True
11527,2,3,False
6052,3,3,True
2343,1,2,False
13413,4,4,True
10776,1,2,False
133,2,2,True
1427,4,4,True
2440,4,4,True
7973,4,4,True
6976,2,2,True
2813,3,2,False
6376,2,3,False
6958,2,3,False
7302,3,2,False
12736,4,4,True
13287,3,2,False
5105,4,4,True
1082,2,4,False
1638,3,3,True
6203,3,3,True
5931,4,4,True
13134,2,2,True
5207,1,3,False
13277,1,1,True
454,4,4,True
2491,2,4,False
157,4,4,True
1304,1,2,False
11260,1,4,False
1281,1,4,False
4747,2,2,True
3991,4,4,True
8354,0,1,False
11482,4,2,False
16,3,4,False
1972,0,4,False
8505,1,4,False
12427,2,4,False
12367,2,2,True
608,4,4,True
12187,3,4,False
12444,0,1,False
9712,4,4,True
12273,2,4,False
4774,2,2,True
14365,2,4,False
14332,1,1,True
13400,2,2,True
4818,2,2,True
13985,2,4,False
14434,1,2,False
9717,2,2,True
1746,1,3,False
11369,4,4,True
380,1,1,True
14616,0,4,False
1060,1,2,False
11849,0,1,False
4639,4,4,True
1984,4,2,False
2551,2,3,False
11555,2,2,True
8471,2,1,False
12655,1,2,False
12999,1,2,False
2436,4,4,True
1357,4,4,True
366,2,1,False
14686,4,4,True
8226,1,2,False
13796,3,2,False
5481,2,3,False
12112,3,4,False
37,1,1,True
9301,4,4,True
11394,4,4,True
4629,3,4,False
930,2,2,True
1256,2,2,True
11620,3,3,True
4995,0,1,False
1567,4,4,True
9503,4,4,True
9937,1,1,True
12860,3,1,False
4663,1,2,False
9,4,4,True
10577,2,1,False
245,3,4,False
526,4,4,True
10688,2,3,False
9419,4,4,True
10357,1,2,False
5842,1,2,False
4943,3,2,False
13049,3,4,False
10973,4,4,True
12768,4,4,True
11931,3,1,False
4578,3,4,False
10307,4,4,True
8329,3,4,False
5518,2,3,False
11816,1,4,False
12709,3,1,False
13424,2,4,False
6023,4,2,False
1235,1,2,False
6681,2,2,True
1204,4,4,True
14730,2,3,False
7321,2,4,False
8305,1,2,False
6756,4,1,False
6501,2,3,False
4115,4,4,True
6084,4,4,True
9996,3,2,False
13932,2,2,True
11182,2,2,True
13488,4,4,True
13750,1,1,True
8024,2,3,False
223,4,4,True
12077,4,4,True
4284,2,1,False
14393,4,4,True
11765,4,3,False
4861,2,2,True
7911,1,2,False
10817,3,2,False
5799,1,3,False
5555,4,4,True
5057,2,1,False
11359,1,2,False
8400,1,4,False
3759,2,3,False
12412,1,1,True
9789,3,2,False
6190,1,1,True
5307,1,3,False
5502,4,4,True
2193,4,2,False
2385,1,3,False
7229,2,2,True
8799,4,4,True
2284,3,3,True
760,1,2,False
11261,4,4,True
10560,4,3,False
5036,4,4,True
3657,4,4,True
10029,2,2,True
12371,1,2,False
1919,4,4,True
7051,3,2,False
13448,4,1,False
4129,3,2,False
2201,2,1,False
10098,4,2,False
14018,1,2,False
9567,3,3,True
7099,2,1,False
1308,2,1,False
13945,3,4,False
2839,2,2,True
11127,2,2,True
3941,3,2,False
4172,4,4,True
6147,2,3,False
4993,0,1,False
14514,3,3,True
5614,2,3,False
3460,2,2,True
4604,2,2,True
9573,4,4,True
13605,2,2,True
12148,3,2,False
5668,2,3,False
3538,2,2,True
8619,2,4,False
8252,4,4,True
716,3,3,True
4967,3,3,True
9384,2,4,False
5428,3,2,False
11773,3,2,False
7542,3,2,False
9311,2,1,False
2760,1,2,False
7664,3,2,False
11546,2,4,False
9044,4,4,True
1292,1,3,False
4708,2,1,False
12495,3,1,False
4583,2,3,False
12330,2,4,False
13800,2,1,False
7710,4,4,True
10402,4,4,True
8643,4,4,True
7375,3,3,True
9480,2,4,False
6849,2,4,False
2060,2,2,True
640,4,4,True
13804,3,3,True
11117,4,4,True
4837,1,4,False
8432,1,4,False
7256,1,2,False
10347,3,3,True
1499,4,4,True
7442,4,4,True
10708,2,2,True
11130,4,2,False
8187,2,4,False
13393,4,4,True
10053,4,4,True
10281,4,4,True
176,2,1,False
1437,3,3,True
7598,4,2,False
2085,2,1,False
10810,2,4,False
8375,3,4,False
3768,3,2,False
11441,4,2,False
14546,1,2,False
4809,3,4,False
11843,3,3,True
2089,1,2,False
6472,2,4,False
12445,1,2,False
2280,4,4,True
10592,4,4,True
10393,2,4,False
5120,3,4,False
8822,1,1,True
2043,3,2,False
4436,4,4,True
9473,2,3,False
772,4,4,True
4699,0,3,False
10672,0,4,False
6967,3,2,False
11397,4,2,False
2865,4,4,True
6879,3,4,False
258,2,2,True
4523,4,3,False
5333,2,2,True
2122,1,3,False
14436,0,1,False
10243,2,4,False
10333,0,0,True
8069,4,4,True
14757,3,3,True
9591,4,3,False
8013,4,4,True
9808,1,4,False
1563,4,4,True
5875,2,4,False
2400,4,4,True
11841,3,2,False
11566,2,4,False
3291,1,2,False
1201,3,3,True
10739,2,4,False
14927,4,1,False
6433,2,2,True
7352,2,1,False
9129,3,3,True
11530,2,4,False
8224,2,3,False
12129,4,4,True
7795,3,2,False
9263,3,4,False
13416,3,1,False
3459,1,4,False
5424,1,1,True
6596,2,2,True
11513,3,3,True
8747,1,2,False
12637,1,1,True
6804,3,1,False
12949,2,3,False
11425,4,4,True
2536,4,2,False
2869,1,1,True
11162,1,4,False
3341,2,2,True
10846,4,4,True
13290,1,1,True
12548,2,2,True
12168,4,2,False
554,4,2,False
14555,1,2,False
14954,4,4,True
4628,3,4,False
3420,2,4,False
5166,2,3,False
6502,0,1,False
4019,3,2,False
11081,4,4,True
6271,2,4,False
2975,3,4,False
6571,1,1,True
10288,2,2,True
11966,1,1,True
7103,1,2,False
5225,2,1,False
12290,3,4,False
3975,4,4,True
11956,2,2,True
1658,1,2,False
10601,4,4,True
976,4,3,False
8139,2,3,False
3619,2,2,True
8694,1,1,True
6499,3,4,False
5381,2,1,False
8851,2,1,False
2709,1,4,False
11327,1,4,False
12419,2,1,False
8923,1,1,True
7955,2,2,True
2007,3,3,True
12538,1,2,False
3601,2,4,False
12801,2,4,False
13935,2,4,False
6396,3,2,False
14098,4,1,False
6528,4,2,False
5792,3,2,False
11519,3,2,False
8516,4,3,False
13339,2,2,True
6752,3,4,False
13781,2,2,True
5270,3,2,False
3959,1,1,True
610,3,2,False
7620,3,3,True
8308,3,2,False
14138,2,4,False
6224,4,1,False
9867,1,4,False
14199,4,4,True
12142,4,4,True
9619,2,3,False
9475,1,2,False
7792,0,1,False
9813,4,4,True
11339,1,1,True
5844,2,3,False
2084,3,3,True
3367,2,4,False
11581,4,3,False
4422,4,2,False
7591,3,3,True
7368,2,1,False
2272,4,4,True
8282,2,2,True
6249,1,1,True
14020,4,1,False
14174,4,4,True
9644,4,4,True
13910,4,2,False
13231,3,4,False
8586,1,1,True
495,1,4,False
5629,3,2,False
8302,1,1,True
5506,4,4,True
11128,1,3,False
10919,2,4,False
1921,3,3,True
13560,3,4,False
14001,0,1,False
9554,2,3,False
4678,4,4,True
7336,3,2,False
2227,3,4,False
1453,1,4,False
8842,4,4,True
7294,3,3,True
7544,0,1,False
11716,1,1,True
9817,2,1,False
9080,2,3,False
2473,3,3,True
9755,4,4,True
13470,3,2,False
8917,4,2,False
2669,4,4,True
12874,2,2,True
11808,3,4,False
8418,2,2,True
8640,2,2,True
1070,2,2,True
9540,4,4,True
7113,3,3,True
6389,2,3,False
12555,1,3,False
119,1,1,True
6546,2,2,True
8848,4,4,True
14807,1,1,True
11029,4,4,True
11233,2,4,False
1387,2,2,True
5856,2,2,True
9659,1,2,False
8267,2,3,False
6997,4,4,True
12730,1,1,True
4336,2,4,False
5018,4,1,False
3064,4,2,False
12357,2,2,True
14196,2,2,True
13899,3,3,True
343,3,3,True
5981,3,4,False
2585,0,3,False
6875,4,4,True
6766,1,2,False
5160,4,4,True
4106,1,3,False
6418,1,1,True
3618,4,4,True
188,4,4,True
3795,1,3,False
10574,2,4,False
9004,2,4,False
6544,2,2,True
5357,1,4,False
8548,4,2,False
13759,1,2,False
9017,3,2,False
4800,3,2,False
1494,4,4,True
1952,0,2,False
7667,0,2,False
9158,3,4,False
1985,4,4,True
14751,2,3,False
8492,4,4,True
13419,3,2,False
6969,4,4,True
7740,2,1,False
10569,2,3,False
579,0,1,False
3157,3,3,True
6248,0,1,False
12399,2,1,False
12610,3,2,False
13600,2,2,True
1992,2,2,True
3394,4,2,False
10673,3,1,False
10504,3,3,True
619,2,1,False
8899,4,4,True
8663,0,1,False
7057,1,1,True
2118,3,4,False
7201,4,4,True
4410,2,3,False
9445,4,2,False
7550,0,2,False
7014,1,1,True
8050,4,4,True
13355,1,2,False
3032,3,4,False
9737,4,4,True
8614,3,2,False
10865,1,1,True
11343,2,1,False
7238,4,4,True
11386,4,4,True
9462,1,4,False
11630,4,4,True
2330,4,4,True
14931,4,4,True
12617,3,3,True
2214,4,2,False
2875,3,4,False
13564,3,4,False
11271,2,3,False
7947,4,4,True
4018,4,4,True
5179,4,4,True
9202,3,2,False
9549,2,2,True
3558,2,3,False
9408,1,2,False
5334,1,2,False
7786,3,2,False
3411,2,2,True
7996,3,4,False
9618,3,3,True
8833,2,2,True
13021,3,2,False
4136,3,4,False
6058,2,2,True
1654,4,4,True
2778,4,4,True
8757,4,4,True
8077,0,2,False
9322,3,1,False
1347,2,1,False
3079,1,3,False
4687,3,2,False
832,3,2,False
4398,4,4,True
8431,4,1,False
7520,1,2,False
3667,2,4,False
536,2,1,False
12218,1,2,False
126,3,3,True
3008,3,4,False
3183,3,1,False
1238,2,2,True
9005,3,2,False
10035,3,2,False
12206,4,4,True
12577,2,2,True
2260,3,2,False
11741,1,2,False
7702,1,2,False
3019,2,2,True
6165,2,3,False
3699,2,1,False
8314,2,2,True
1270,1,2,False
11587,2,3,False
11864,1,4,False
12504,2,1,False
7990,1,4,False
14121,3,2,False
5260,3,2,False
7005,3,2,False
12082,3,2,False
8590,2,2,True
3188,1,2,False
6315,1,1,True
9522,2,2,True
9137,0,1,False
5010,3,3,True
14682,2,2,True
12223,4,4,True
664,2,2,True
722,1,4,False
12437,1,4,False
10808,4,2,False
5677,4,4,True
12521,4,4,True
10027,3,4,False
7577,4,4,True
7653,4,4,True
1911,2,1,False
12887,1,1,True
10388,2,2,True
13566,2,2,True
13067,1,1,True
2105,1,3,False
7584,4,4,True
2095,1,3,False
7576,3,4,False
3474,4,4,True
9835,3,1,False
12753,1,4,False
10292,2,4,False
5543,4,4,True
1961,1,2,False
4647,4,4,True
14578,4,4,True
8749,3,3,True
11442,4,4,True
8111,4,4,True
6134,2,2,True
12016,2,3,False
164,4,2,False
11418,4,4,True
11934,4,3,False
7882,1,4,False
12687,3,3,True
8780,2,1,False
4258,4,4,True
4999,4,4,True
13442,4,3,False
6795,3,4,False
10828,2,1,False
14405,4,4,True
12182,4,4,True
10204,2,4,False
296,3,2,False
4168,3,2,False
11611,1,2,False
4067,3,4,False
13599,4,4,True
13543,3,3,True
7436,3,3,True
9150,4,4,True
6664,2,2,True
925,1,4,False
1297,3,4,False
14220,3,4,False
3860,4,4,True
12337,4,4,True
332,3,2,False
3472,1,4,False
8541,3,1,False
9163,4,4,True
9260,3,4,False
103,3,3,True
10852,2,3,False
11614,1,2,False
13645,1,2,False
14920,2,3,False
4097,3,2,False
8117,3,4,False
1796,3,2,False
11714,4,2,False
4991,1,4,False
3373,2,1,False
6289,4,4,True
7252,4,4,True
6378,4,1,False
12884,1,1,True
3485,3,2,False
4111,4,4,True
14063,4,4,True
13144,3,3,True
3055,2,4,False
13719,1,1,True
7613,2,4,False
8398,1,3,False
3148,1,2,False
1121,3,1,False
138,3,4,False
10842,1,2,False
253,1,1,True
1580,3,3,True
3572,2,2,True
11472,1,1,True
2569,0,4,False
8578,2,1,False
713,1,1,True
10067,4,1,False
14645,4,4,True
5548,2,4,False
5946,4,4,True
1236,1,2,False
10693,4,4,True
1424,1,3,False
7650,4,1,False
4520,4,4,True
13340,4,2,False
3851,4,4,True
6018,1,1,True
10209,3,2,False
12667,2,4,False
4804,1,2,False
1814,1,1,True
14855,1,1,True
8606,4,2,False
1628,3,4,False
14951,2,2,True
9851,4,4,True
10063,1,3,False
3061,1,4,False
4615,2,2,True
8228,2,4,False
2517,2,1,False
2406,2,1,False
4597,2,4,False
5963,4,2,False
4084,4,4,True
9865,4,4,True
5112,4,2,False
2411,3,2,False
1156,1,2,False
6940,4,4,True
5266,4,2,False
2384,2,4,False
9072,2,2,True
3784,4,2,False
1872,3,2,False
9491,4,2,False
3051,0,2,False
9254,3,2,False
13712,2,2,True
13390,3,4,False
2817,3,3,True
4749,4,4,True
8936,4,4,True
7212,1,4,False
3710,3,2,False
5838,2,4,False
13521,3,1,False
12426,4,4,True
11488,2,3,False
6193,2,1,False
14566,2,2,True
10997,2,1,False
6201,1,2,False
1282,4,3,False
5129,2,1,False
565,4,4,True
6488,4,2,False
1753,3,4,False
11982,4,4,True
4006,2,2,True
14265,2,2,True
4565,1,1,True
9607,4,4,True
4769,4,4,True
6706,4,4,True
356,2,2,True
4301,1,4,False
14078,4,2,False
11589,2,2,True
402,1,4,False
13251,2,2,True
4235,1,1,True
8666,4,4,True
9780,1,2,False
12124,2,3,False
14341,2,3,False
8859,0,3,False
12031,1,1,True
2252,3,1,False
3645,1,3,False
5031,2,4,False
9233,2,3,False
4273,4,3,False
3639,3,3,True
8088,2,3,False
7574,2,2,True
3679,3,2,False
8016,3,1,False
5973,1,4,False
5983,1,2,False
14481,2,4,False
12407,2,2,True
4730,3,1,False
11770,3,3,True
6999,1,4,False
14418,4,4,True
11507,3,4,False
2690,2,2,True
530,2,4,False
13556,4,4,True
4026,1,3,False
194,1,2,False
8245,1,2,False
8124,4,4,True
879,3,3,True
4782,4,4,True
11323,2,2,True
1819,1,1,True
13040,4,4,True
8136,2,3,False
9516,3,1,False
5689,2,2,True
2134,4,2,False
10929,2,1,False
7345,1,4,False
9194,2,2,True
6138,2,2,True
7350,3,2,False
11274,2,3,False
12506,4,4,True
14861,1,3,False
13403,1,4,False
11767,4,4,True
12348,1,2,False
11493,3,4,False
8243,4,4,True
6226,1,4,False
1726,4,2,False
9701,3,4,False
11019,1,1,True
10685,4,4,True
7362,3,3,True
8135,3,3,True
443,1,2,False
10956,4,2,False
2607,4,2,False
5320,4,4,True
8285,1,1,True
6726,3,2,False
4707,3,4,False
2091,2,2,True
14908,3,4,False
6529,2,2,True
8098,4,2,False
8108,4,4,True
9518,4,2,False
4291,4,4,True
3192,4,4,True
5527,1,4,False
5191,1,1,True
11031,3,1,False
10241,4,4,True
597,4,4,True
671,4,1,False
11734,2,4,False
11434,2,2,True
11078,4,3,False
1312,1,3,False
11172,4,4,True
3780,3,2,False
11579,3,1,False
11251,2,1,False
13332,4,2,False
5766,3,2,False
14008,1,2,False
6605,1,2,False
12324,2,2,True
2182,4,1,False
13926,3,4,False
10855,4,4,True
3856,3,2,False
534,1,3,False
4589,3,1,False
14474,4,4,True
5807,2,2,True
10385,1,2,False
2595,3,4,False
5656,4,4,True
4501,2,2,True
10614,2,3,False
12364,4,4,True
257,2,4,False
398,4,4,True
13098,2,2,True
9788,4,4,True
3374,3,3,True
8102,4,4,True
14840,1,3,False
3747,1,1,True
3030,4,4,True
13033,2,4,False
4919,1,4,False
4899,2,3,False
4341,0,4,False
13496,2,3,False
4674,1,1,True
5304,4,4,True
13504,2,4,False
1047,3,4,False
7054,2,4,False
13864,4,4,True
2915,1,2,False
3028,2,4,False
14269,2,1,False
13613,3,4,False
13142,2,3,False
4447,3,3,True
14267,4,4,True
3849,3,2,False
12329,1,2,False
5030,1,2,False
3992,2,2,True
11067,3,4,False
14498,3,1,False
6328,4,4,True
11754,3,3,True
13394,3,3,True
8568,4,4,True
13264,4,4,True
12429,1,2,False
1683,0,2,False
5495,2,2,True
14069,4,4,True
13092,3,3,True
8306,3,4,False
2417,4,4,True
6415,1,4,False
3861,3,3,True
6783,3,4,False
11041,1,2,False
13271,1,2,False
13013,3,2,False
752,2,3,False
5508,1,1,True
11652,0,1,False
1095,3,3,True
10396,3,3,True
3970,3,2,False
4934,1,4,False
11784,0,4,False
10386,2,1,False
6982,4,4,True
7862,3,2,False
7545,1,2,False
11046,4,4,True
9154,2,3,False
507,1,1,True
10414,1,2,False
5147,1,3,False
12972,4,4,True
13611,4,4,True
692,3,4,False
4787,1,2,False
4350,4,4,True
8828,4,4,True
11842,2,2,True
5606,1,4,False
4089,2,2,True
5141,3,1,False
3299,1,2,False
9763,2,3,False
14150,1,1,True
5577,3,2,False
1514,3,4,False
9348,2,2,True
2917,3,2,False
2805,2,2,True
9825,3,2,False
9675,3,3,True
5933,4,4,True
3318,4,4,True
8728,4,4,True
7085,2,4,False
9341,4,4,True
5472,4,4,True
11060,2,2,True
4792,4,4,True
5412,4,4,True
812,3,4,False
8311,2,3,False
11807,3,1,False
13365,2,2,True
11642,3,3,True
4029,2,4,False
9628,3,4,False
5354,2,1,False
13316,4,4,True
6199,0,1,False
3378,1,1,True
334,4,4,True
3523,1,1,True
14624,2,2,True
3998,3,2,False
4610,3,4,False
7864,4,2,False
13821,1,2,False
8500,3,3,True
11188,1,2,False
9543,1,1,True
6718,1,1,True
7104,1,1,True
3514,2,1,False
4430,2,4,False
2450,2,4,False
396,2,2,True
7376,3,4,False
14484,3,4,False
4676,3,2,False
11159,2,1,False
2627,3,3,True
6808,4,4,True
9499,2,4,False
7679,3,3,True
10710,2,2,True
7439,3,4,False
8215,4,2,False
5613,1,1,True
4069,4,4,True
8184,0,4,False
4070,3,3,True
4368,3,2,False
1120,4,4,True
4659,3,2,False
7435,1,2,False
6887,2,1,False
14082,4,4,True
11396,4,4,True
4636,1,4,False
14903,2,1,False
4857,2,2,True
2021,1,2,False
7709,4,4,True
5053,4,2,False
1615,2,3,False
10566,4,1,False
11354,2,2,True
3833,4,2,False
3709,3,2,False
2818,2,2,True
3916,4,4,True
12119,2,4,False
6792,1,4,False
4576,1,2,False
12904,4,4,True
4309,2,2,True
12909,0,2,False
2795,1,2,False
14432,4,4,True
5655,1,1,True
13130,4,2,False
1540,1,2,False
12815,2,4,False
11927,4,4,True
5961,2,2,True
274,2,1,False
10272,4,4,True
7266,4,4,True
12674,1,2,False
125,2,2,True
14203,1,3,False
9524,0,1,False
7568,1,2,False
9909,3,4,False
2686,2,1,False
3358,2,2,True
13593,1,1,True
632,4,4,True
13838,4,4,True
6354,3,1,False
3635,3,1,False
7219,2,4,False
10909,1,1,True
6003,1,4,False
12933,0,3,False
5286,3,2,False
887,1,2,False
5242,1,3,False
624,1,2,False
8436,3,4,False
8654,3,4,False
13135,4,4,True
2942,1,2,False
4965,3,4,False
11280,1,4,False
12845,3,2,False
3223,4,4,True
2177,1,2,False
1346,4,4,True
2164,3,1,False
13743,2,2,True
1509,2,2,True
6842,3,3,True
12882,2,2,True
8867,2,2,True
6977,1,1,True
12497,2,2,True
439,3,2,False
6597,3,2,False
3344,4,4,True
12853,1,1,True
6606,3,3,True
12698,1,1,True
7730,3,3,True
9640,1,2,False
6971,1,4,False
275,2,4,False
3353,3,3,True
865,4,4,True
8939,1,1,True
4313,3,2,False
10128,4,4,True
4003,3,2,False
10764,4,4,True
5466,1,1,True
9421,4,1,False
3539,2,3,False
12163,3,3,True
2064,1,2,False
10061,1,1,True
10500,3,4,False
12906,3,3,True
837,4,4,True
2456,3,2,False
14255,3,2,False
14593,4,4,True
14091,1,1,True
4194,1,1,True
12318,4,4,True
10803,3,1,False
381,2,3,False
8605,2,2,True
8022,2,4,False
3285,4,4,True
8515,3,4,False
12724,1,1,True
10545,3,3,True
1043,4,4,True
9861,4,4,True
10450,2,4,False
2185,3,1,False
14433,2,2,True
3636,2,2,True
12862,4,4,True
8750,1,2,False
5500,2,4,False
4841,4,2,False
5467,3,1,False
4103,4,4,True
5753,2,4,False
2455,3,4,False
6550,3,2,False
6918,4,2,False
11623,2,4,False
12068,2,4,False
13014,4,2,False
3158,3,2,False
955,4,4,True
10055,2,2,True
7010,2,4,False
13971,4,4,True
1854,3,2,False
3980,3,2,False
11516,3,2,False
11852,3,4,False
3161,3,3,True
2153,2,3,False
6966,2,2,True
9777,3,4,False
14127,1,1,True
5350,4,4,True
12149,1,2,False
1829,4,4,True
5280,4,4,True
12208,4,1,False
14703,4,4,True
7325,4,4,True
8293,1,1,True
983,4,2,False
8570,4,3,False
1868,3,2,False
10439,1,2,False
5210,1,2,False
7927,4,1,False
7807,2,4,False
2101,4,4,True
3035,2,2,True
14612,1,1,True
8692,2,3,False
10392,4,4,True
10570,2,4,False
10143,3,3,True
6053,3,2,False
11524,2,2,True
3827,1,2,False
150,3,4,False
11452,3,4,False
10145,2,3,False
8753,1,2,False
8339,1,4,False
6075,1,2,False
8445,3,2,False
13111,2,3,False
8321,4,4,True
7328,1,4,False
9131,3,2,False
6863,2,2,True
3634,4,4,True
256,2,4,False
1760,1,1,True
8876,4,3,False
4462,4,4,True
11600,1,1,True
3894,4,4,True
9892,3,4,False
7086,4,4,True
13709,2,3,False
3076,2,1,False
14,2,4,False
13644,4,4,True
11565,4,3,False
4066,3,4,False
1772,2,4,False
11518,3,2,False
7089,4,4,True
9505,3,4,False
6264,1,2,False
14440,1,2,False
2232,3,2,False
11257,2,4,False
4900,4,4,True
4657,3,3,True
4960,4,4,True
532,1,2,False
10543,3,2,False
12580,3,4,False
6109,2,3,False
6073,3,3,True
660,2,2,True
8009,1,1,True
4734,1,2,False
11725,1,1,True
7405,4,4,True
7418,1,1,True
4247,1,2,False
5731,2,2,True
834,4,4,True
10775,4,4,True
7081,4,4,True
2898,2,2,True
6132,1,2,False
13764,2,1,False
8935,4,2,False
12309,3,4,False
10408,2,3,False
7025,2,1,False
7624,4,4,True
12202,4,3,False
12775,1,4,False
11332,1,2,False
14587,4,4,True
7094,4,4,True
378,4,4,True
9676,3,2,False
5065,1,1,True
7145,4,2,False
11198,4,4,True
8925,4,4,True
14002,3,3,True
7765,4,4,True
10182,2,3,False
3750,1,2,False
13218,1,1,True
10954,3,4,False
538,4,4,True
11704,3,4,False
4386,1,4,False
13008,1,1,True
3921,4,4,True
14416,4,4,True
11328,3,2,False
5923,4,4,True
6939,3,4,False
13575,4,4,True
2082,2,2,True
8222,1,2,False
13561,3,3,True
14123,2,2,True
11903,4,4,True
2783,4,2,False
6046,1,1,True
7674,3,4,False
3283,1,4,False
1756,1,3,False
5552,3,4,False
4507,0,4,False
12890,4,4,True
7838,3,3,True
7381,0,4,False
3214,1,1,True
11377,2,4,False
11349,1,2,False
3277,2,2,True
13517,4,4,True
13428,2,2,True
10702,2,4,False
1008,2,4,False
8575,2,2,True
4433,1,1,True
2483,3,2,False
12670,2,2,True
12563,4,4,True
14882,4,4,True
7280,4,4,True
8762,4,4,True
7655,3,1,False
5433,3,3,True
1302,4,4,True
10749,1,1,True
7395,1,4,False
7433,3,2,False
1652,4,2,False
14789,2,1,False
13581,2,2,True
10659,3,2,False
6095,2,4,False
5101,4,4,True
14477,1,1,True
8441,4,2,False
4626,1,2,False
10324,2,3,False
5806,1,2,False
237,1,2,False
7958,4,4,True
7943,3,2,False
5474,3,3,True
9224,4,4,True
9949,3,1,False
6483,3,1,False
4214,3,1,False
12706,1,1,True
11967,1,1,True
14103,4,4,True
5922,2,2,True
12122,3,4,False
6060,3,2,False
12370,4,4,True
13207,2,2,True
4138,1,2,False
7937,2,2,True
9277,4,2,False
12650,3,2,False
14522,2,2,True
477,0,1,False
12275,4,2,False
7944,1,2,False
11105,4,4,True
8456,3,4,False
11923,4,4,True
7604,2,2,True
11732,2,2,True
2908,3,3,True
14679,1,4,False
10571,2,2,True
9670,1,1,True
8759,2,2,True
4664,3,2,False
13415,1,3,False
10951,4,4,True
3093,2,4,False
1143,2,3,False
1889,2,2,True
1338,4,4,True
574,3,2,False
3382,3,3,True
4480,3,2,False
5989,1,2,False
13513,1,1,True
13197,4,4,True
6263,3,3,True
6673,4,4,True
6511,2,1,False
83,3,2,False
7680,2,2,True
14445,2,2,True
12829,1,4,False
7926,4,4,True
982,1,2,False
10726,3,3,True
14450,1,1,True
9917,4,4,True
14214,4,4,True
5567,4,1,False
13096,4,2,False
1083,2,4,False
13548,1,2,False
12346,3,4,False
2457,0,2,False
9172,1,4,False
1559,2,2,True
8003,4,4,True
12805,0,1,False
8744,0,4,False
4448,1,4,False
2017,4,4,True
13165,2,2,True
3889,1,4,False
13740,2,2,True
724,3,2,False
9544,4,2,False
6693,3,2,False
1259,3,4,False
4428,1,1,True
13969,2,2,True
14842,0,4,False
14960,2,2,True
12773,2,2,True
6633,1,2,False
2952,4,2,False
5927,2,2,True
3319,3,2,False
11973,3,3,True
4799,1,2,False
10941,4,4,True
11356,2,2,True
1454,4,4,True
7440,4,4,True
8027,2,2,True
2113,3,4,False
6560,3,3,True
13745,3,3,True
4954,4,4,True
13326,4,4,True
11656,3,2,False
12622,1,1,True
1173,4,1,False
8610,3,4,False
13972,2,2,True
11988,4,1,False
2213,4,3,False
3569,2,4,False
5475,3,4,False
13089,1,2,False
9868,4,4,True
8528,2,4,False
6591,4,4,True
14390,3,3,True
3865,4,4,True
9479,4,4,True
1279,2,4,False
6733,3,3,True
3701,3,1,False
6853,2,1,False
13852,2,2,True
7465,2,2,True
11840,2,2,True
9206,2,3,False
4063,2,1,False
1994,3,2,False
4617,1,2,False
9467,1,2,False
9214,4,4,True
6236,2,1,False
4004,1,1,True
2590,3,1,False
644,1,1,True
7614,1,2,False
12985,2,2,True
600,4,4,True
14910,4,4,True
2894,2,2,True
5828,3,4,False
6765,0,2,False
4542,3,2,False
10615,4,4,True
7918,2,2,True
8193,4,4,True
6459,3,4,False
6413,3,4,False
9085,4,3,False
1869,3,4,False
11098,2,4,False
1529,2,2,True
1240,2,4,False
1578,1,1,True
637,2,4,False
13834,1,2,False
9604,2,2,True
12304,2,2,True
8882,1,1,True
7225,2,2,True
8879,1,1,True
11010,4,4,True
3305,1,3,False
11455,3,4,False
39,3,4,False
6988,3,4,False
3345,4,4,True
7917,1,2,False
11344,1,2,False
4254,4,4,True
10886,1,1,True
4544,3,2,False
12574,4,4,True
4894,1,1,True
2152,1,2,False
10073,4,4,True
5006,2,3,False
5274,2,1,False
5797,3,4,False
3974,2,2,True
6168,3,3,True
7254,4,3,False
2180,1,4,False
8693,4,3,False
7123,3,2,False
10154,4,4,True
581,1,3,False
1090,2,3,False
14745,4,3,False
1467,2,4,False
192,4,4,True
9437,3,2,False
12463,1,3,False
11376,3,1,False
8865,2,2,True
2377,2,4,False
3763,4,4,True
14780,1,2,False
10988,1,2,False
2584,3,3,True
7259,1,1,True
9697,1,1,True
345,2,1,False
5625,2,3,False
12507,2,2,True
6889,4,4,True
14896,1,3,False
7366,4,4,True
3253,2,2,True
1085,1,4,False
11426,1,1,True
4236,4,4,True
14378,2,1,False
12859,3,2,False
5278,2,1,False
14821,0,1,False
4114,1,2,False
5647,4,4,True
9999,3,4,False
13015,3,2,False
4977,1,1,True
14176,2,2,True
2137,1,3,False
14768,4,3,False
14437,4,4,True
7546,3,2,False
13894,4,2,False
5291,2,1,False
6196,1,1,True
1624,2,2,True
294,2,3,False
9134,1,2,False
12197,3,4,False
8105,1,2,False
12411,1,2,False
9070,2,2,True
13760,1,1,True
6943,2,1,False
13784,1,4,False
4558,4,4,True
11787,4,4,True
4374,4,4,True
3689,4,1,False
10729,3,2,False
5013,1,2,False
13767,2,3,False
10536,3,1,False
5640,3,2,False
5943,3,4,False
12793,3,3,True
1414,4,1,False
10168,3,2,False
14887,4,4,True
2513,3,3,True
4502,4,4,True
11883,2,3,False
12274,2,3,False
5997,4,4,True
1067,3,1,False
14599,0,3,False
11361,3,1,False
9807,1,1,True
10999,1,2,False
7570,4,4,True
13275,4,4,True
4012,1,1,True
9616,4,2,False
1275,4,4,True
6422,3,3,True
2249,2,3,False
8585,2,2,True
13361,1,4,False
3978,2,1,False
5900,3,4,False
7311,0,4,False
12865,2,3,False
10816,3,4,False
12470,4,4,True
9016,2,2,True
6924,2,2,True
190,4,4,True
14277,2,3,False
11747,2,2,True
5306,4,4,True
9178,1,4,False
1402,4,4,True
6317,4,1,False
7563,3,2,False
9923,0,2,False
12620,3,2,False
11668,4,1,False
4606,4,4,True
42,1,1,True
7169,1,2,False
9465,1,4,False
5924,2,4,False
13870,4,4,True
2334,0,4,False
8634,3,2,False
487,1,3,False
13434,2,2,True
8079,3,3,True
2600,4,1,False
7603,4,4,True
14409,4,2,False
3965,0,2,False
13229,0,1,False
6923,4,4,True
9850,3,3,True
13395,4,4,True
8070,2,2,True
5455,3,1,False
5747,3,2,False
14158,1,4,False
10512,2,2,True
10044,4,4,True
8269,2,4,False
10750,2,4,False
11435,2,3,False
2472,2,2,True
10610,1,2,False
9720,2,2,True
4191,1,2,False
10492,1,1,True
6024,1,1,True
338,3,4,False
9064,1,2,False
4157,3,2,False
13296,3,3,True
12128,2,3,False
2786,1,2,False
7309,3,4,False
7488,1,1,True
2052,2,4,False
8627,2,2,True
6837,4,4,True
11487,2,2,True
11213,1,3,False
2943,2,3,False
7129,2,1,False
4794,4,4,True
7258,0,1,False
12589,2,2,True
12375,4,2,False
7825,2,2,True
5738,3,4,False
10487,2,2,True
4492,4,4,True
12880,4,4,True
7342,4,4,True
6230,3,2,False
14666,4,4,True
5707,3,1,False
3908,1,4,False
7723,4,4,True
3020,4,3,False
2421,2,3,False
4221,2,3,False
4827,2,3,False
13383,2,4,False
13699,4,1,False
11202,3,2,False
2168,1,1,True
7682,4,4,True
8119,1,2,False
9967,4,4,True
1573,3,3,True
14109,1,4,False
1593,4,4,True
8607,1,1,True
2379,1,1,True
13237,1,4,False
6600,4,4,True
11790,3,4,False
6692,2,2,True
12447,1,1,True
5938,4,2,False
9363,2,1,False
4411,2,4,False
8107,4,4,True
10259,3,4,False
10507,1,4,False
1466,4,4,True
4685,4,4,True
8201,4,4,True
14084,4,4,True
369,2,3,False
1376,2,1,False
10885,3,4,False
5782,4,4,True
12152,3,4,False
2270,2,4,False
10188,3,1,False
5125,4,4,True
2070,2,3,False
3948,2,4,False
1516,2,1,False
6156,4,4,True
13681,1,2,False
12916,0,2,False
2828,4,4,True
7306,4,4,True
12635,2,2,True
7885,0,1,False
14322,2,2,True
14722,3,4,False
6984,2,2,True
8112,2,1,False
1242,4,2,False
13137,3,3,True
4974,2,4,False
6270,4,2,False
13536,4,2,False
12376,1,1,True
4304,2,4,False
8827,2,2,True
7617,2,2,True
2697,2,2,True
14657,2,2,True
10517,2,4,False
8488,4,4,True
6520,2,2,True
14227,1,1,True
5443,2,1,False
14575,4,2,False
989,2,4,False
9847,3,1,False
2954,3,2,False
7549,3,3,True
13016,2,2,True
4429,3,4,False
1556,1,1,True
10840,4,2,False
1665,2,3,False
2157,4,2,False
2464,3,4,False
10591,2,2,True
6107,1,2,False
12684,2,4,False
14304,2,2,True
12505,2,2,True
1811,2,3,False
8576,3,4,False
4388,2,2,True
9104,4,4,True
9750,1,3,False
5976,2,4,False
12325,4,4,True
10358,2,3,False
9925,3,3,True
9749,1,4,False
6456,4,2,False
13066,3,3,True
9559,3,2,False
11860,2,3,False
1501,0,1,False
13095,2,2,True
2175,4,3,False
2876,4,1,False
11080,3,2,False
13544,2,2,True
1570,2,3,False
5404,2,4,False
10612,3,2,False
8487,4,4,True
6983,1,1,True
13739,3,3,True
4091,2,1,False
14847,2,2,True
13459,2,2,True
8100,3,3,True
9429,4,2,False
9249,1,1,True
1220,3,2,False
4121,2,4,False
7119,0,1,False
9782,2,2,True
5459,3,1,False
13372,1,2,False
3013,3,3,True
124,1,4,False
1417,2,4,False
723,2,4,False
10099,4,4,True
5920,2,3,False
11763,4,2,False
1194,3,2,False
5965,4,4,True
12002,3,1,False
9970,1,2,False
572,1,4,False
5557,3,4,False
10849,1,2,False
225,2,4,False
13454,4,1,False
12542,2,3,False
4880,3,4,False
11856,1,2,False
12857,1,4,False
12293,2,4,False
9334,3,3,True
3852,1,4,False
2369,3,4,False
12374,2,4,False
1662,2,1,False
11591,3,2,False
11398,4,4,True
12359,4,2,False
1656,4,4,True
14644,2,4,False
2308,4,2,False
613,2,2,True
8679,4,4,True
8138,4,3,False
4890,2,2,True
11331,4,4,True
1167,2,3,False
9406,4,4,True
13755,4,2,False
10892,3,3,True
6913,2,2,True
10742,2,2,True
12858,4,2,False
788,1,4,False
3857,1,2,False
6883,2,4,False
10521,3,4,False
8335,2,4,False
13117,1,1,True
14166,1,2,False
6841,3,2,False
9226,1,1,True
11388,1,4,False
11436,4,4,True
6593,2,2,True
10278,2,2,True
10147,4,4,True
14742,1,3,False
12802,1,1,True
6510,2,2,True
14086,4,1,False
9578,1,3,False
9582,3,2,False
9487,1,3,False
14153,3,2,False
11690,3,2,False
6712,3,4,False
12936,1,4,False
12029,3,2,False
528,4,4,True
10072,4,3,False
8764,1,1,True
2244,3,2,False
2862,2,1,False
10355,2,2,True
10684,2,2,True
11353,1,1,True
8513,2,4,False
7065,2,3,False
958,3,2,False
4499,2,4,False
5739,3,4,False
7688,3,4,False
8961,2,4,False
4166,2,4,False
11724,3,2,False
2531,2,4,False
12930,3,3,True
13826,1,1,True
1585,1,1,True
898,2,2,True
11221,2,1,False
9250,4,4,True
14720,1,4,False
3648,2,2,True
5063,3,4,False
10651,4,4,True
12025,2,3,False
5303,4,4,True
90,3,3,True
14075,1,4,False
13335,3,1,False
13992,4,4,True
10922,2,2,True
552,3,4,False
11284,3,4,False
12483,2,2,True
12848,2,2,True
9799,3,3,True
238,1,1,True
10181,3,2,False
6143,0,1,False
8189,1,2,False
322,2,3,False
1478,2,4,False
9021,2,2,True
352,4,3,False
2604,3,1,False
13662,4,2,False
8893,2,1,False
522,2,4,False
1106,3,3,True
11090,1,1,True
3239,4,4,True
8761,4,4,True
14642,4,4,True
7473,2,4,False
2930,2,3,False
12508,1,2,False
1881,4,4,True
1351,1,1,True
5062,1,1,True
3515,1,4,False
4860,4,4,True
2529,4,4,True
9642,3,2,False
10668,3,3,True
14404,2,4,False
6125,3,4,False
13685,4,1,False
4250,1,2,False
1530,1,4,False
1941,4,4,True
12913,1,1,True
8584,2,1,False
12378,4,2,False
3151,4,4,True
8808,2,4,False
7343,4,2,False
9778,1,2,False
14661,3,1,False
5699,1,2,False
6184,4,4,True
7582,3,4,False
6221,4,4,True
11461,1,2,False
13650,2,3,False
13782,2,2,True
7503,4,4,True
11643,2,2,True
2940,4,4,True
5463,3,1,False
7117,0,3,False
4688,4,4,True
3681,3,4,False
5775,4,4,True
4603,2,4,False
144,2,4,False
2663,4,4,True
6525,2,2,True
5407,1,1,True
9149,2,1,False
10421,1,2,False
1842,3,4,False
1678,3,3,True
10434,1,4,False
3943,2,4,False
5173,4,4,True
3744,4,4,True
5710,4,3,False
2815,3,2,False
7558,2,3,False
8344,4,4,True
9754,4,1,False
1098,4,2,False
7805,2,4,False
9054,4,4,True
12069,2,2,True
12109,1,1,True
2470,1,1,True
3923,2,3,False
3234,2,3,False
5078,4,4,True
4075,2,4,False
4908,2,1,False
1237,4,4,True
5119,4,4,True
13226,1,2,False
4602,4,2,False
4281,3,4,False
12892,1,1,True
1892,2,2,True
5002,4,4,True
6595,2,3,False
1328,4,4,True
8932,1,2,False
9964,2,2,True
4055,1,2,False
9743,1,2,False
11914,4,4,True
1245,1,2,False
4013,3,4,False
5559,2,3,False
14290,1,3,False
12414,2,1,False
9770,2,2,True
11912,2,4,False
978,1,1,True
2646,4,1,False
1252,2,3,False
7799,3,2,False
5941,4,4,True
5970,3,3,True
11069,3,4,False
1017,2,2,True
3043,2,2,True
5949,4,4,True
1568,2,4,False
2587,0,1,False
14253,4,4,True
3505,1,1,True
13703,3,4,False
3120,0,2,False
14070,2,4,False
3735,2,4,False
8550,2,4,False
13125,1,2,False
10779,2,4,False
4297,4,4,True
2948,4,4,True
11710,4,4,True
7588,3,4,False
7513,2,2,True
57,2,4,False
1088,2,2,True
13586,2,2,True
9792,1,4,False
8410,1,2,False
13388,2,3,False
10440,1,4,False
5855,1,1,True
9447,1,2,False
8147,2,1,False
7276,4,4,True
7017,3,2,False
13456,3,3,True
10223,3,2,False
2335,3,2,False
7053,1,1,True
6209,3,1,False
4719,1,4,False
7537,1,2,False
6897,2,2,True
11550,3,2,False
5657,4,4,True
3355,2,3,False
12286,2,4,False
5632,4,4,True
5651,1,4,False
4596,1,4,False
7580,4,4,True
14829,4,2,False
11902,4,4,True
1298,1,1,True
2238,3,3,True
6287,4,1,False
2305,3,2,False
8971,3,1,False
7731,1,1,True
14973,2,1,False
413,4,4,True
9562,2,2,True
4209,4,4,True
14145,2,3,False
14507,1,4,False
14633,1,1,True
13665,4,2,False
11009,1,1,True
13044,3,3,True
6137,3,2,False
5268,4,4,True
1989,4,4,True
2263,4,4,True
13802,4,4,True
13389,2,2,True
10464,1,2,False
382,2,1,False
5998,0,4,False
12460,4,4,True
247,3,3,True
7353,2,1,False
7178,3,4,False
4753,3,3,True
8236,3,4,False
10550,1,4,False
2054,3,2,False
9572,2,2,True
6375,3,1,False
9796,1,1,True
14700,2,1,False
8972,2,2,True
10656,2,2,True
6174,4,1,False
3071,1,4,False
799,4,1,False
7027,4,1,False
12719,2,1,False
180,3,3,True
2206,3,2,False
10969,4,3,False
10735,1,4,False
7121,3,1,False
3037,4,4,True
9821,3,2,False
11132,3,3,True
14028,2,4,False
8981,1,4,False
1218,2,2,True
9716,2,2,True
2033,4,2,False
9940,3,2,False
10515,3,2,False
14296,4,4,True
3899,3,3,True
3964,2,1,False
9026,4,4,True
10364,3,2,False
7635,4,4,True
2891,4,4,True
2013,1,2,False
7855,3,2,False
8223,1,1,True
4694,4,4,True
11486,1,2,False
7887,2,3,False
5218,2,2,True
14689,2,4,False
14223,3,3,True
10588,2,1,False
9930,4,4,True
12806,4,4,True
580,4,4,True
11899,4,4,True
9486,4,4,True
13747,4,4,True
2171,4,4,True
6645,2,1,False
3016,3,4,False
2728,2,1,False
12397,4,4,True
6986,4,4,True
4755,3,2,False
12720,4,4,True
10131,4,4,True
9380,3,4,False
3662,4,4,True
14273,2,3,False
8517,4,4,True
4159,3,2,False
347,1,4,False
1272,4,4,True
4022,1,2,False
11695,4,4,True
11980,4,3,False
10924,2,4,False
6518,4,4,True
10629,3,4,False
12510,1,2,False
10594,3,1,False
14234,1,2,False
3254,2,4,False
9405,4,4,True
5863,4,4,True
5501,1,2,False
5505,3,3,True
2554,2,2,True
10544,3,1,False
3412,3,4,False
9828,4,4,True
3733,3,3,True
7122,3,3,True
10690,2,4,False
11056,2,3,False
7749,2,2,True
377,2,2,True
12779,3,3,True
7681,4,4,True
13057,4,4,True
11715,4,3,False
11598,2,1,False
14974,2,2,True
5969,1,1,True
12032,4,2,False
3021,2,1,False
5297,2,2,True
13297,4,2,False
500,1,4,False
10411,1,1,True
8089,1,2,False
8775,3,2,False
14471,2,3,False
6541,2,2,True
11150,1,4,False
8299,2,4,False
6277,2,2,True
10821,3,3,True
3879,1,4,False
2804,2,2,True
2985,1,2,False
10547,2,3,False
6443,0,3,False
13507,1,2,False
7423,3,2,False
2973,1,1,True
1003,2,4,False
6161,4,4,True
9056,1,1,True
2774,4,4,True
3754,4,4,True
4482,2,2,True
2311,2,4,False
32,4,4,True
6038,1,2,False
260,0,4,False
12517,2,4,False
10847,4,4,True
7475,3,3,True
3050,1,4,False
3933,4,4,True
10231,2,2,True
14392,2,2,True
9739,1,2,False
14946,2,3,False
13439,1,2,False
10314,2,2,True
8490,1,2,False
8594,2,2,True
14435,1,2,False
14886,2,4,False
1364,1,2,False
1072,2,1,False
5114,4,4,True
10491,2,3,False
12162,4,4,True
882,3,3,True
3840,2,4,False
12038,2,4,False
655,4,4,True
7059,3,2,False
1139,4,1,False
10037,4,4,True
7673,2,1,False
10654,3,4,False
5659,3,4,False
6067,4,4,True
13606,4,4,True
7222,2,2,True
3083,2,1,False
10913,4,1,False
233,4,4,True
13468,3,3,True
50,3,3,True
9488,2,2,True
7240,3,2,False
8474,2,2,True
7241,4,3,False
226,1,4,False
2707,1,1,True
7668,4,4,True
2124,2,2,True
9217,2,1,False
3951,4,4,True
944,4,2,False
2278,2,2,True
11097,2,2,True
6082,3,2,False
6585,1,2,False
6446,1,2,False
14694,4,4,True
14911,4,4,True
3872,1,2,False
8,1,2,False
1832,4,4,True
13763,2,4,False
10664,1,2,False
7541,3,3,True
8157,2,2,True
13188,1,4,False
11958,2,2,True
10271,0,1,False
13321,3,4,False
12932,3,4,False
4149,4,4,True
12946,1,1,True
2314,2,2,True
13636,4,4,True
6477,4,4,True
5352,1,1,True
3993,3,4,False
8484,0,1,False
1643,4,4,True
4795,3,2,False
10928,3,4,False
836,1,2,False
9381,4,4,True
12541,1,2,False
7412,4,4,True
8894,2,2,True
242,2,4,False
3039,4,2,False
13962,1,2,False
1102,4,4,True
5319,4,4,True
2753,3,3,True
12087,2,2,True
8716,1,2,False
11700,3,2,False
4269,4,4,True
2495,4,4,True
8426,0,1,False
11303,2,4,False
9713,1,2,False
6062,1,2,False
4938,2,4,False
555,2,3,False
14716,2,2,True
8906,3,3,True
1550,2,4,False
12966,4,2,False
7564,4,4,True
9413,1,1,True
11609,4,4,True
14225,2,3,False
5344,4,4,True
3131,4,2,False
11560,2,4,False
9116,4,4,True
1750,1,2,False
5583,2,3,False
3930,3,3,True
13983,2,2,True
2081,1,4,False
13987,1,1,True
7079,2,4,False
8564,3,3,True
621,2,2,True
10891,1,2,False
2724,4,4,True
12755,1,1,True
4929,4,4,True
1611,2,4,False
4834,2,4,False
5564,4,2,False
10944,2,2,True
5770,2,4,False
7985,4,4,True
14502,2,1,False
12479,2,2,True
1518,1,1,True
2879,1,2,False
3279,4,4,True
12503,1,4,False
1126,2,4,False
5174,1,2,False
5877,4,2,False
4424,3,4,False
5189,3,2,False
10943,1,2,False
9438,4,4,True
148,2,4,False
4484,1,1,True
8482,2,3,False
14085,3,3,True
4308,3,1,False
8896,2,2,True
12571,4,4,True
12211,3,1,False
13225,2,4,False
13246,3,4,False
3427,4,4,True
2826,4,3,False
2220,1,2,False
2550,3,1,False
9020,3,2,False
1101,4,4,True
1564,4,4,True
7055,4,4,True
9482,3,4,False
11499,2,4,False
5528,3,2,False
309,4,4,True
785,4,4,True
9495,2,2,True
9771,3,2,False
5232,4,4,True
14976,3,4,False
6768,4,4,True
13402,2,1,False
2892,2,2,True
11677,3,3,True
915,2,4,False
9746,1,2,False
6925,2,2,True
14384,3,3,True
10992,2,2,True
4525,4,4,True
5704,4,1,False
7049,3,2,False
8271,3,4,False
9997,2,2,True
9783,1,1,True
4853,2,1,False
9854,2,1,False
7770,2,4,False
13980,4,4,True
10080,2,4,False
2675,4,4,True
1899,2,2,True
548,1,2,False
13647,4,2,False
10064,4,2,False
10845,2,2,True
11196,4,4,True
6352,3,4,False
6404,4,1,False
5717,0,4,False
11107,4,4,True
140,2,2,True
12808,2,2,True
11082,1,2,False
2475,1,2,False
11192,4,3,False
11181,2,2,True
1752,1,2,False
9529,2,1,False
6032,2,3,False
12459,1,2,False
5341,4,4,True
10914,2,3,False
4391,2,2,True
7683,1,4,False
1590,2,4,False
1109,2,2,True
13711,3,1,False
3009,3,2,False
5805,4,2,False
13508,0,4,False
3697,4,4,True
12248,3,3,True
1766,1,2,False
6556,2,1,False
6403,2,2,True
8001,3,4,False
11240,1,2,False
633,3,1,False
5073,3,2,False
11627,2,1,False
13364,4,2,False
3180,2,4,False
3761,2,4,False
14215,3,3,True
5318,2,2,True
8174,1,2,False
9579,4,4,True
14144,4,2,False
7956,3,1,False
6152,3,4,False
6934,1,3,False
6284,4,4,True
13515,2,2,True
9692,1,1,True
6877,2,2,True
6468,3,3,True
11975,4,3,False
1386,2,2,True
7317,1,4,False
4897,2,4,False
2224,4,4,True
7348,1,2,False
364,3,4,False
11616,2,1,False
9907,2,2,True
14856,1,2,False
13965,2,2,True
8218,4,3,False
12993,3,2,False
14033,1,1,True
7404,1,1,True
5211,1,1,True
5967,2,4,False
1607,4,1,False
8247,1,2,False
9870,1,1,True
13809,3,1,False
5570,2,2,True
8636,3,2,False
8163,4,4,True
252,2,1,False
11402,1,2,False
6301,3,4,False
12313,4,4,True
13353,2,2,True
9306,4,3,False
8566,3,4,False
14692,1,2,False
13588,3,2,False
4171,1,2,False
13360,4,4,True
11057,4,4,True
10580,4,4,True
10238,1,2,False
893,2,2,True
4582,1,2,False
14854,4,4,True
11033,0,1,False
10893,1,2,False
6881,2,2,True
14554,3,2,False
2524,1,1,True
14089,3,2,False
11093,4,2,False
7892,1,2,False
12996,3,3,True
3850,3,4,False
7235,4,4,True
2923,1,2,False
5126,3,4,False
5252,4,4,True
7982,2,4,False
11882,1,2,False
7857,2,4,False
2926,1,2,False
6189,2,2,True
464,2,2,True
12456,1,1,True
2140,0,2,False
6843,3,3,True
7281,3,4,False
9493,2,2,True
8300,3,3,True
10069,4,2,False
3210,2,4,False
1534,1,3,False
7698,4,4,True
8771,3,2,False
728,1,2,False
13350,1,1,True
6734,1,1,True
7566,2,2,True
4144,2,2,True
6589,1,1,True
14815,1,2,False
13990,4,4,True
11751,1,1,True
6303,2,3,False
7455,2,2,True
7419,2,3,False
12175,4,4,True
4183,2,1,False
14556,2,4,False
9088,4,4,True
7062,3,3,True
841,1,1,True
2995,1,1,True
11961,0,1,False
13168,4,4,True
6753,2,4,False
779,4,1,False
14542,4,4,True
5654,0,1,False
14369,4,4,True
12783,2,1,False
2545,2,2,True
14797,4,4,True
5962,2,3,False
7214,4,2,False
1685,1,2,False
5485,4,4,True
7041,2,1,False
9823,4,4,True
13055,3,4,False
1343,3,2,False
10794,1,2,False
2158,1,2,False
9707,4,3,False
7823,4,4,True
2301,3,4,False
7150,4,4,True
3408,3,4,False
1647,2,2,True
8316,2,2,True
5571,0,1,False
749,3,3,True
5338,1,4,False
7367,1,3,False
10513,1,1,True
8171,4,4,True
6078,2,4,False
4495,1,3,False
13616,1,2,False
1170,4,4,True
10471,2,2,True
12305,2,2,True
4249,4,4,True
8462,3,3,True
2664,3,2,False
6391,3,3,True
8687,2,4,False
9507,2,2,True
8368,3,3,True
7796,2,1,False
14306,3,2,False
14004,2,2,True
10528,1,4,False
2576,2,3,False
2110,1,4,False
10022,1,1,True
13792,2,2,True
5813,2,4,False
1359,3,2,False
11040,4,4,True
9395,2,2,True
8722,3,4,False
9844,4,4,True
6041,3,4,False
14200,4,4,True
547,4,3,False
10554,2,1,False
4053,4,4,True
3597,2,2,True
9161,2,4,False
10316,4,4,True
7028,4,1,False
4046,0,1,False
3212,2,2,True
1403,1,1,True
13598,3,2,False
1914,2,4,False
8046,2,2,True
14258,2,2,True
2579,4,4,True
8387,4,4,True
460,4,2,False
9243,3,2,False
6085,3,4,False
7960,3,2,False
7699,2,2,True
2754,4,4,True
7470,1,2,False
2458,3,2,False
13262,4,2,False
13238,4,4,True
273,4,3,False
12959,2,2,True
4487,3,4,False
5833,2,2,True
7072,4,4,True
2373,3,4,False
6402,4,4,True
1432,3,1,False
1997,4,4,True
7044,1,3,False
9115,1,1,True
3447,2,2,True
7153,2,4,False
910,1,2,False
14975,4,4,True
8099,2,2,True
6122,3,4,False
9506,2,4,False
839,2,2,True
12084,2,1,False
2694,1,1,True
6665,4,4,True
5315,1,2,False
4777,1,2,False
13071,4,4,True
1830,2,2,True
1498,3,2,False
2442,3,3,True
2789,1,1,True
451,3,4,False
11559,1,1,True
8036,2,3,False
12484,1,4,False
13780,1,2,False
8966,4,4,True
12140,1,2,False
11169,1,4,False
8370,1,1,True
2520,1,2,False
46,3,4,False
5235,3,2,False
7269,4,4,True
7364,4,4,True
4056,4,1,False
6764,1,1,True
2768,1,4,False
8884,2,4,False
7976,4,4,True
4831,4,4,True
6619,3,3,True
10773,4,2,False
3172,2,3,False
10317,3,1,False
14799,4,4,True
7331,4,4,True
11064,1,4,False
13529,1,2,False
12125,3,1,False
9386,3,1,False
10751,4,4,True
13074,4,4,True
582,4,4,True
8751,1,1,True
5205,3,4,False
7446,2,1,False
9328,2,2,True
1852,2,2,True
11679,1,3,False
12524,2,2,True
13830,0,4,False
6016,1,1,True
10494,3,3,True
9177,1,4,False
9879,3,3,True
1118,4,3,False
3203,1,4,False
2594,3,4,False
850,2,4,False
8336,1,3,False
2446,4,4,True
12288,1,1,True
3379,2,2,True
9723,1,2,False
2652,1,2,False
8313,2,2,True
2217,3,1,False
8307,4,2,False
12173,2,2,True
56,4,4,True
3706,3,2,False
6390,3,4,False
14589,2,4,False
14969,4,4,True
2057,4,4,True
10717,4,4,True
7133,2,3,False
9199,3,2,False
2380,4,4,True
10106,2,3,False
14508,4,1,False
1073,1,2,False
11736,4,2,False
10617,2,3,False
938,2,1,False
10332,2,3,False
4672,2,2,True
13859,0,3,False
11051,2,2,True
14276,3,2,False
11374,0,2,False
7861,4,4,True
10746,2,1,False
98,3,4,False
13736,2,3,False
8905,4,4,True
4711,1,2,False
8518,3,4,False
14035,4,4,True
13073,2,4,False
4951,4,4,True
12581,4,4,True
1029,3,2,False
12099,3,2,False
3885,2,2,True
11532,2,3,False
8041,3,1,False
13020,1,1,True
2423,4,4,True
1930,3,2,False
9069,3,2,False
584,2,4,False
4392,2,2,True
11628,2,1,False
6106,2,4,False
7224,4,4,True
6902,1,2,False
994,3,3,True
1874,2,2,True
5895,4,4,True
2689,4,4,True
14248,3,2,False
8766,4,4,True
14246,4,4,True
7038,4,4,True
12354,2,1,False
66,4,4,True
6145,4,1,False
7408,4,4,True
8127,2,4,False
13546,0,2,False
8995,4,1,False
11168,2,4,False
7663,4,4,True
14777,1,4,False
9382,2,3,False
4174,1,1,True
9053,4,4,True
6755,1,4,False
14982,3,2,False
3042,4,4,True
4265,2,4,False
3448,2,2,True
9580,2,1,False
1089,3,1,False
4343,3,2,False
9076,2,3,False
4592,2,2,True
8233,4,4,True
2701,3,1,False
5048,4,4,True
11395,2,2,True
9699,2,2,True
14528,4,2,False
11061,4,4,True
5362,0,4,False
3232,2,4,False
9617,2,4,False
7611,2,3,False
7950,3,3,True
12513,1,2,False
9119,3,2,False
3931,3,3,True
14939,3,2,False
2499,4,4,True
11972,4,4,True
6259,4,2,False
12885,4,4,True
12654,3,3,True
7118,1,4,False
558,1,4,False
12141,1,1,True
10156,3,3,True
6425,4,2,False
1738,1,2,False
11676,4,4,True
6155,1,2,False
11795,4,4,True
12550,1,1,True
462,1,4,False
11572,3,3,True
298,1,2,False
118,4,4,True
1370,1,2,False
14374,3,2,False
7952,2,2,True
8779,2,4,False
9550,2,2,True
11810,4,4,True
13017,3,4,False
13777,0,1,False
13572,1,3,False
8496,2,3,False
4000,2,2,True
1299,4,4,True
12714,1,1,True
9600,4,4,True
4283,2,3,False
9632,3,2,False
5342,1,4,False
773,2,2,True
8449,4,4,True
7115,4,4,True
10233,1,4,False
11896,4,2,False
6043,2,4,False
1765,2,2,True
9718,3,4,False
11709,4,4,True
14452,4,4,True
4092,3,3,True
2539,2,2,True
1158,3,2,False
7382,1,1,True
10423,2,3,False
6526,1,2,False
9001,3,2,False
5122,3,2,False
5194,4,4,True
9205,4,2,False
6148,2,1,False
7289,2,4,False
10874,3,2,False
11996,4,4,True
3046,2,2,True
10435,2,2,True
6705,4,2,False
2640,3,2,False
885,2,2,True
5603,3,2,False
8148,1,2,False
12940,0,1,False
13539,1,1,True
4105,1,1,True
13946,2,4,False
3429,4,4,True
10759,4,4,True
2782,1,1,True
10777,3,2,False
11641,2,3,False
9849,1,2,False
5623,2,3,False
6553,1,3,False
3789,4,4,True
1063,2,3,False
8175,3,1,False
1546,3,2,False
11104,2,2,True
1286,0,1,False
3779,3,4,False
9133,2,3,False
11015,1,1,True
13253,1,4,False
3426,2,2,True
13571,4,4,True
6711,2,2,True
3960,3,2,False
13140,4,3,False
1055,1,4,False
4087,2,2,True
11733,3,3,True
12897,2,1,False
11985,1,2,False
6162,1,2,False
2187,4,4,True
2063,4,4,True
951,4,4,True
9992,1,2,False
10526,2,2,True
14569,4,4,True
3007,4,2,False
10836,3,4,False
10762,2,4,False
11683,3,2,False
4911,1,1,True
8240,2,1,False
13004,3,3,True
5964,3,3,True
6493,1,1,True
2215,2,4,False
2115,0,2,False
10046,2,2,True
2167,2,4,False
13083,0,4,False
11364,1,3,False
1594,3,3,True
12928,2,4,False
9793,4,3,False
5979,1,1,True
5118,1,3,False
3005,2,2,True
2154,4,4,True
2723,2,1,False
11272,1,2,False
9309,1,3,False
14965,1,4,False
277,4,4,True
5023,2,2,True
13967,1,2,False
6025,3,2,False
346,2,1,False
10896,3,3,True
7760,4,1,False
1531,4,2,False
11868,3,2,False
14494,3,4,False
10255,2,4,False
9826,2,2,True
10270,4,4,True
5909,3,1,False
5569,2,4,False
4936,0,1,False
7274,2,4,False
14244,4,2,False
2902,3,2,False
6116,3,2,False
12098,3,2,False
8355,2,2,True
1421,1,2,False
13422,1,1,True
13183,4,4,True
14195,3,2,False
14375,2,4,False
229,4,4,True
10663,2,3,False
6736,4,4,True
593,2,2,True
7260,1,2,False
13104,2,2,True
1551,2,2,True
11186,2,2,True
4324,1,2,False
2179,2,2,True
1906,2,3,False
5150,2,2,True
11872,1,4,False
11291,2,2,True
12818,1,2,False
5608,4,4,True
13093,2,3,False
4661,4,1,False
14748,3,4,False
8557,0,2,False
5215,2,4,False
11888,1,1,True
3510,1,4,False
3848,4,4,True
1051,1,4,False
13026,1,1,True
3858,3,4,False
8207,3,4,False
8681,1,2,False
14605,4,4,True
5449,4,3,False
3828,4,3,False
4643,2,1,False
10805,2,2,True
2506,4,2,False
